この本には、詳しい説明は書かれていません。,There is no detailed explanation in this book.
入学式は、このホールで行われます。,The entrance ceremony will take place in this hall.
これは、世界でいちばん大きいダイヤモンドだと。,This is believed to be the biggest diamond in the world.
昔は、その考えが正しいと思われていた。,Such an idea used to be considered correct.
友達の赤ちゃんを抱っこしたら、泣かれてしまった。,"When I held my friend's baby, it cried."
雨に降られて、服が濡れてしまった。,My clothes got soaked in the rain.
父に死なれて、大学を続けられなくなりました。,I couldn't continue my university education after my father died.
ちょっと気分が悪いので、早く帰らせてください。,"Since I am not feeling very well, could I go home early?"
あなたの会社のお話を聞かせてください。,Please tell me about your company.
手を洗わせてください。,Could I wash my hands?
明日は早く出かけるから、もう寝ないと。,I must go to bed now since I will go early tomorrow morning.
試験まであと1ヶ月だ。頑張って勉強しないと。,There is only one month to go before the exam. I must concentrate on my study.
田中さんにメールの返信をしなくちゃ。,I must respond to Tanaka-san's message.
『あれ？ここにあったチョコレートは？』『あ、食べちゃった。いけなかった？』,"""Oh! What happened to the chocolate which was here?"" ""Oh, I ate it. I shouldn't have eaten it?"""
試験が終わった！今日は飲んじゃおう！,"Oh, the exam is over! I am going to have a drink!"
もしもし、すみません。車が混んじゃって。。。少し遅れます。,"Hello, the traffic is bad… I'll be a little late."
テストで間違ったとこるを、ノートに書いとこう。,I will make a note of what I did wrong in the test.
これ洗濯しといて。,Can you wash this?
トイレットペーパーがもうすぐなくなるから、買っとかないと。,We are running out of toilet paper. We'll have to buy some more.
一人っきり,Be completely alone
一人っきりのお正月,One person new year
二人っきりのお正月,Two people new year
友達がかいてくれた地図のとおりにきたが、道に迷った。,I got lost even though I followed the map my friend drew for me.
雪が降ってきた。予報どおりだ。,It's started snowing. The weather forecast was right.
先生が言ったとおり、試験は難しかった。,"As the teacher said, the exam was tough."
昨夜は、テレビをつけたまま寝てしまった。,I fell asleep with the TV on.
この野菜は、生のままで食べても美味しいですよ。,This vegetable tastes good raw.
窓を開けっぱなしで出てきた。,I left home with the windows open.
水を出しっぱなしにしないでください。,Please don't leave the water running.
二人っきりで話をしたいです。,I'd like to have a private talk with you.
彼ねあったのは１回っきりです。,I've met him only once.
怖がらないでください。,Please don't be afriad.
恥ずかしがらないで、前に出てきてください。,Please don't be shy and come up here.
田中さんが、あなたに会いたがっていましたよ。,Tanaka-san said he'd like to see you.
さむがり,be sensitive to the cold
暑がり,be sensitive to the heat
怖がり,be easily frightened
あのう、教科書を見せて欲しいんですが…。,Excuse me. Could I see your textbook?
あなたに教えてもらいたいことがあります。,I have something I would like you to explain to me.
彼はそのことについて知っているふりをしているが、本当は知らないと思う。,He pretends to know about it but I don't think he really does.
田中さんは独身のふりをしているが、結婚していて３人も子供がいる。,Tanaka-san looks like a single guy but in fact he is married with three kids.
あなたにとって、いちばん大切なものはなんですか。,What is the most important thing to you?
このあたりの人々にとっては、車は必需品です。,"For the people around here, cars are a necessity."
年のわりには若く見える。,He looks young for his age.
お金がないわりに、よく買い物をするね。,"Even though you say you have no money, you buy a lot, don't you?"
知っているくせに、教えてくれない。,"Even though he knows, he won't tell me."
元気なくせに、病気のふりをしている。,"Even though he's healthy, he pretends he is sick."
お化粧なんかしてはいけません。,You must not wear make-up.
納豆なんて嫌いだ。,I really hate natto.
「泣いてるの？』『泣いてなんかいないよ！』,"""Are you crying?"" ""I'm not crying!"""
日本語でスピーチなどできません。,There is no way that I can give a speech in Japanese.
先生のおかげで合格できました。,"Thanks to my teacher, I passed the exam."
日本へ来たおかげで、日本語が上手になった。,My Japanese improved as a result of coming to Japan.
バスが遅れたせいで、約束の時間に間に合わなかった。,I missed my appointment because the bus was late.
疲れたせいか、あたまが痛い。,"Perhaps it's because I am tired, but my head hurts."
車で来たので、ビールのかわりにジュースをください。,"Since I am driving, I will have juice instead of beer."
日曜日に働いたかわりに、今日休みを取りました。,I took the day off today in place of Sunday.
出張中の部長にかわって、私がご挨拶させていただけます。,Please allow me to say a few words on behalf of my division manager who is currently on a business trip.
野球にかわり、サッカーがさかんになってきた。,Soccer has overtaken baseball in popularity.
それは米粒くらいの大きさです。,It's about the size of a grain of rice.
この洗剤は、面白いほど汚れが落ちる。,This detergent removes stains so well. It's unbelievable.
飽きるほど食べた。,I ate so much that I don't want to see anymore food.
宿題が多すぎて、泣きたいくらいだ。,"I have so much homework, I want to cry."
若い人ほど朝寝坊をする。,Young people seem to oversleep more.
伝統的なものは、古いほど価値がある。,Traditional items have more value if they are older.
彼のことを知れば知るほど好きになる。,"The more I get to know him, the better I like him."
荷物は少ければ少ないほどいい。,"The less baggage you have, the better."
彼女くらい親切な人はいない。,There is no one as friendly as her.
今年ほど雪の降った年はなかった。,It has snowed more this year than in any other year.
君が謝ることはないよ。,There is no need to apologize.
来ることはありません。郵送でいいですよ。,You don't need to come. Just send it by post.
田中さんから電話があって、少し遅れるということです。,Tanaka-san called and he said he would be a little late.
試験の結果は70%、つまり合格ということだ。,"The results of the test were 70%. In other words, you passed."
暖かくして、ゆっくり休むことだ。,"You should keep warm, relax and rest."
無理をしないことです。,Don't push yourself too hard.
合格できたら、どんなに嬉しいことか。,How happy would I be if I passed!
何度注意したことか。,How many times have I warned you?
国へ帰るのは、来週だっけ？,"You said that you were going back to your country next week, didn't you?"
明日のパーティーのこと、話たっけ？,Did I tell you about tomorrow's party?
できるまで、やるしかない。,You must try until you get it.
直せないから、新しいのを買うしかなかった。,I had no choice but to buy a new one since it couldn't be fixed.
『田中さん、結婚してるんだって。』『へー、知らなかった。』,"""I just found out Tanaka-san is married!"" ""Is that so? I didn't know."""
試験の範囲は、教科書の最初から50ページまでだって。,The test will cover up to Page 50 in the textbook.
『どうして食べないの？』『だって、まずいんだもん。』,"""Why didn't you eat it?"" ""Because it tastes awful."""
今日の試験、できなかった…。勉強しなかったんだもん、仕方がない。,I didn't do well on the test today. I can't complain because I didn't study much.
父の兄、つまり私の叔父は、医者をしている。,"My father's elder brother, in other words, my uncle, is a doctor."
田中さんは、携帯もパソコンも持っていない。つまり、メールで連絡はできないのだ。,"Tanaka-san doesn't have a cell phone or a PC. In other words, we can't contact him by email."
隣の駅で事故があったらしい。そのために電車が遅れている。,It looks like there is an accident at the next station. The train is delayed because of that.
留学するつもりだ。そのために、バイトしてお金を貯めている。,I am planning to study abroad. I am saving money by working part-time.
父は、人の何倍も努力した。その結果、仕事で成功した。,"My father worked os much harder than anyone else. As a result, he has succeeded in his career."
３ヶ月ダイエットを続けた。その結果、5キロ痩せた。,"I continued to diet for three months. As a result, I lost 5 kilos."
来週、国に帰る予定です。なぜなら、親友の結婚式に出席するからです。,I am going back home next week to attend my best friend's wedding.
学校を変えた。なぜかというと、僕のレベルのクラスがなかったからだ。,I changed schools because there was no class available at my level.
彼は、勉強はもちろんスポーツも良くできる。,"He is not only a good student, he is a good athlete as well."
キャベツは炒めて食べるのはもちろん、生で食べても美味しいです。,Cabbage tastes good raw or sauteed in a pan.
あの店は、味が悪いばかりか、店員の態度も酷い。,"That restaurant's service is terrible, let alone its food."
私は、漢字ばかりか、まだひらがなも書けません。,"I can't write hiragana, let alone kanji."
試験問題は昨年に比べて優しくなった。,"Compared to last year, the questions this year are easier."
店で買うのに比べ、通信販売は便利だが、欠点もある。,"Ordering from a catalogue is more convenient than shopping in a store, but there are drawbacks."
田中先生は、生徒に対して厳しい。,Tanaka-sensei is a strict techer.
真面目な長男に対して、次男は遊んでばかりで学校もよく休む。,"Contrary to my hardworking eldest son, my second son plays around and often plays hooky."
やっとレポートを書き上げた。,I finally finished my paper.
ケーキが焼き上がりましたよ。,The pastry is just out of the oven.
ご飯の量が多くて、食べきれないよ。,I can't finish the rice because there is so much.
長い小説を、2日間で読み切った。,I finished reading a long novel in two days.
疲れ切った様子,very tired condition
この本はまだ読みかけだ。,I haven't finished the book.
お風呂に入りかけた時に電話が鳴った。,The phone rang when I was about to get in the bath.
焼きたてのパンは美味しい。,Freshly baked bread is really good.
あのスーパーは、取り立ての新鮮な野菜を売っている。,That grocery store sells very fresh vegetables.
もっと日本語が上手く話せたらいいなあ。,I wish I could speak Japanese better.
明日、雨が降らないといいなあ。,I hope it won't rain tomorrow.
遅刻してしまった。もっと早く家を出ればよかった。,I am late. I wish I had left home much earlier.
田中さんにあんなことを言わなければよかった。,I should not have siad such a thing to Tanaka-san.
パーティー、楽しかったよ。君も行けばよかったのに。,I had a good time at the party. You should have come.
安かったら買うのに。,I could buy it if it were cheap.
バス、早く来ないかなあ。,I hope the bus will come soon.
この実験、上手くいくかな。,I wonder if the lab experiment will go well.
今日、富士山が見えるかなあ。,I wonder if we could see Mount Fuji today.
映画が始まるまで30分あります。,The movie won't start for half an hour.
連絡があるまで待っています。,I will wait until I hear from you.
この魚は骨まで食べられますよ。,You can even eat the bones in this fish.
あなたまで私を疑うのですか。,Even you don't trust me?
明日は昼から夕方にかけて雨でしょう。,"Tomorrow, it will rain from noon through late afternoon."
九州から本州にかけて梅雨入りしました。,The rainy season has set in Kyushu and Honshu.
大阪において、国際会議が行われた。,An international conference took place in Osaka.
結果はホームページにおいて発表されます。,The result will be announced on the homepage.
たとえ反対されても留学します。,"Even if I am opposed, I will study abroad."
たとえ元気じゃなくても、家族への手紙には元気だと書きます。,"Even if I am not well, in a letter to my family, I will write that I am well."
もしかすると彼の話は嘘かもしれない。,He could be telling a lie.
もしかしたら、明日行けないかもしれません。,I may not be able to come tomorrow.
お金持ちが必ずしも幸福だとは限らない。,Being rich does not necessary mean happy.
高いものが必ずしもいいものだとは限らない。,Expensive items are not necessarily good.
合格した！まるで夢のようだ。,I did it! I can't believe it!
彼の日本語はまるで日本人が話しているみたいに聞こえる。,His Japanese is so natural that he sounds like a native speaker.
あなたの言うことはまるで理解できない。,I don't at all understand what you are saying.
旅行に行きたい。だけど暇がない。,I love to go traveling but I have no time.
よくカラオケに行く。だけど歌は下手だ。,I often go to a karaoke bar but I am not a good singer.
天気予報では午後から雨だそうです。ですから、傘を持っていった方がいいですよ。,You'd better take an umbrella with you since the weather forecast is predicting rain in the afternoon.
明日から旅行に行きます。ですから、申し訳ありませんが、来週のパーティーには出席できません。,I will be leaving on a trip tomorrow. Thus I'm sorry that I won't be able to come to the party next week.
昨夜はコンサートに行くつもりだった。ところが病気で行けなくなった。,I was planning to go to the concert last night but I couldn't go because I felt sick.
田中さんは私より若いと思っていた。ところが私より5歳も年上だった。,I thought Tanaka-san was younger but he is actually 5 years older than I am.
明日、試験でしょ。頑張ってね。ところで、来週の月曜日は空いてる？,"The exam will be tomorrow, right? I wish you well. By the way, will you be free next Monday?"
もうすぐ、今年も終わりですね。ところで、お正月はどうなさいますか。,"The year is to be over soon. Well, do you have any plans for the New Year?"
もし試験を受けていたなら、合格していたと思う。,I would have passed the exam if I had taken it.
もし彼が社長でなかったなら、会社は潰れていたと思う。,"If he had not been the president, the company would have gone bankrupt."
もし、留学しなかったなら、今頃は国で結婚しているだろう。,"If I had not gone to study abroad, I probably would be married by now."
もし休みが取れたとしても、旅行には行かないつもりです。,"Even if I get a holiday, I don't think I will go on a trip."
もしお金がたくさあったとしても、そんなものは買わない。,"Even if I had lots of money, I wouldn't buy such things."
もし決勝戦に残ったとしたって、優勝は難しいでしょう。,"Even though they made to the final, it will be difficult to win the championship."
もしも生まれ変われるなら、男になりたい。,"If I were born again, I'd like to be a boy."
もしも地震が起きても、この家、丈夫だから倒れないでしょう。,This house won't collapse in a big earthquake because it is well built.
あの子にもしものことがあったら、どうしよう。,What shall I do if something happens to that child?
明日、新しい企画についての会議が行われることになっている。,There is a meeting planned for tomorrow to discuss a new project.
今度、大阪に転勤することになりました。,I will be moving to Osaka office soon.
毎朝、30分ジョギングすることにしています。,I try to jog for half an hour every morning.
「あれ？買い物に行かないの？」「うん、明日行くことにした。」,"""Oh. You are not going shopping?"" ""No. I will go tomorrow instead."""
ピアノは、弾けることは弾けますが、上手くありません。,I can play the piano but not that well.
このバッグ、高いことは高いけれど、すごく使いやすいです。,You may think this bag is expensive but it is very well designed.
鶏肉は、食べないことはないですが、あまり好きではありません。,I eat chicken but I don't like it very much.
走れば間に合わないことはないよ。急ごう！,We can still make it if we run. Let's hurry up!
先生に今度のテストの範囲を聞いたところ、10課までだと言われた。,I asked the teacher about the coming test and was told that it would cover up to Chapter 10.
歯が痛いので歯医者さんにいったところ、ひどい虫歯になっていると言われた。,"I went to see a dentist because I had a toothache, and I was told I had a bad cavity."
もう少しで遅刻するところだった。,I was almost late.
あと少しで合格するところだったのに…。,I almost passed the entrance exam.
先生に注意されて初めて、漢字の間違いに気が付いた。,I didn't notice the mistake in kanji until the teacher pointed it out.
歌舞伎を見てはじめて、日本文化に興味を持った。,I didn't have any interest in Japanese culture until I saw kabuki.
明るいうちに帰ってきなさい。,You must come home before dark.
何度も聞いているうちに歌詞を覚えた。,I learned the lyrics by heart by listening to them many times.
忘れないうちに、メモをしておこう。,I will make a quick note before I forget.
暑いわけだ。気温が36度もある。,No wonder it feels hot. It is 36C.
「田中さん、彼女に振られたらしいよ。」「なるほど、それで、元気がないわけだ。」,"""It looks like Tanaka-san got dumped by his girlfriend."" ""No wonder he looks unhappy."""
嫌いなわけではないが、肉はあまり食べない。,"It's not that I hate it, but I don't eat very much meat."
テレビは見ないわけではないが、音楽を聴いている方が多い。,I wouldn't say I don't watch TV but I spend more time listening to music.
あの強い相手に勝てるわけはない。,It's impossible for me to beat such a strong opponent.
「このパン、古くない？」「古い訳ないよ。昨日買ったんだから。」,"""Isn't this bread too old?"" ""It shouldn't be old. I just bought it yesterday."""
大事な会議があるから、休むわけにはいかない。,I can't afford to be absent because I have a very important meeting.
社長の命令だから、従わないわけにはいかない。,I can't afford to disobey this order because it came from the president.